id;nom;prenom;telephone;email;nationnalite
1;vortals;Handcrafted networks blue;+33 768125317;Johan_Brun21@gmail.com;multi-byte haptic
2;Executif Sausages;e-business;+33 377686991;Bohmond.Robert66@gmail.com;de mint yellow
3;policy Licensed;Designer visualize Cambridgeshire;+33 337651748;Manass10@yahoo.fr;withdrawal Small Toys
4;Specialiste;Sleek virtual Cotton;0570881004;Yseult.Fournier60@yahoo.fr;Bonaparte
5;monitor Berkshire;connecting Soft;+33 756728471;Xnophon16@gmail.com;Ergonomic Bedfordshire
6;port Serbian;Steel;0518342313;Antonin66@gmail.com;Practical Producteur de
7;compelling;connecting AGP;+33 516883518;Betty77@gmail.com;Kids magnetic
8;Tools maximize payment;scalable matrix;0711135762;Perrine43@hotmail.fr;GB Bosnie-Herz√©govine
9;didactic override;end-to-end JSON JBOD;+33 608493255;Octave_Guillot25@hotmail.fr;redefine
10;connect Soft;Liechtenstein clicks-and-mortar loyalty;+33 747461310;Clmentine68@yahoo.fr;architecture pink
